r_component,rmse_fold1,rmse_fold2,rmse_fold3,rmse_fold4,rmse_fold5
5.0,1.2424612755824471,1.238208628994143,1.2511411957347582,1.246858500948052,1.263409823921469
10.0,1.3970204322642643,1.3885739272524997,1.4059673488550548,1.3873101113195654,1.4113663866446082
50.0,2.254258296666874,2.262396087980201,2.2594682136114517,2.248165260215328,2.2701481209548797
100.0,2.8294985215183726,2.8222537588016015,2.8465272369077512,2.827184321999334,2.8395742239120834
150.0,3.153010652368231,3.1510343860686034,3.1597756375469204,3.1440889434580988,3.1562096824670145
200.0,3.3433517897557494,3.3403972192817744,3.350476157869923,3.3357309850973835,3.3444570114308547
