r_component,mean_rmse
5.0,1.0390550369213725
10.0,1.017806760110508
50.0,1.0138708750236927
100.0,1.0226786491528947
150.0,1.029553826412353
200.0,1.034824497408462
