r_component,mean_rmse
5.0,3.010592200229997
10.0,3.023840754329246
50.0,3.1956439087319994
100.0,3.3609545638963945
150.0,3.4424735738980985
200.0,3.500540419577386
