r_component,mean_rmse
5.0,0.920827520273891
10.0,0.9625224536918452
15.0,0.9992213793256504
20.0,1.0267913411277962
25.0,1.0474109141507184
