r_component,mean_rmse
5.0,1.248415885036174
10.0,1.3980476412671985
50.0,2.258887195885747
100.0,2.8330076126278287
150.0,3.1528238603817735
200.0,3.3428826326871373
