lmb,r_component,rmse_fold1,rmse_fold2,rmse_fold3,rmse_fold4,rmse_fold5
0.0,5.0,1.1786065514344668,1.165544539894597,1.1586641460159006,1.1549885763907783,1.176593082266594
0.0,10.0,1.262685421294316,1.2724699793185577,1.2801769708945119,1.2645591848811342,1.2630369340235683
0.0,50.0,1.7061451357599342,1.7128853720878205,1.7093971097152445,1.7126211940159133,1.7287412217624436
0.0,100.0,2.0588601560241453,2.0670325573145827,2.027483231271402,2.068096793359782,2.054958158822246
0.0,150.0,2.3071795128483963,2.301175425811342,2.297660400993206,2.2740480842198516,2.299507130331079
0.0,200.0,2.4115996686368213,2.4254593742177093,2.4044310634803208,2.403513176338595,2.4289818640072878
