lmb,r_component,mean_rmse
0.0,5.0,1.1591693237711995
0.0,50.0,1.7176780546267196
0.0,100.0,2.0777538255963934
0.0,150.0,2.2961405105230184
0.0,200.0,2.426715860680308
