r_component,mean_rmse
1.0,0.8858412313178438
2.0,0.8833061101657025
3.0,0.9041270978168481
4.0,0.9216858115044181
5.0,0.9368240372537064
10.0,1.0035944263083745
20.0,1.0741746790617657
50.0,1.074707288388387
100.0,0.9491170803208151
150.0,0.9126593096260303
200.0,0.8994863062961892
