lmb,r_component,rmse_fold1,rmse_fold2,rmse_fold3,rmse_fold4,rmse_fold5
0.0,1.0,1.0455783070302747,1.0565645535056998,1.04062256560399,1.0529681876791874,1.043249821663361
0.0,2.0,1.0718185766437607,1.0823667706242805,1.0788794004190572,1.0719747042025485,1.0679105130781699
0.0,3.0,1.122377496260357,1.1084630958533737,1.1090668400573438,1.1113614231306252,1.0989733678794091
0.0,4.0,1.1455424766569584,1.1360178343923653,1.1264841892591153,1.1375445209157764,1.1504810748938952
