r_component,mean_rmse
5.0,0.9539728956407659
10.0,0.9371619435588766
50.0,0.9396724932739
100.0,0.9463437367108156
150.0,0.9499953610770804
200.0,0.9516261308022281
