r_component,rmse_fold1,rmse_fold2,rmse_fold3,rmse_fold4,rmse_fold5
25.0,0.8888353413291106,0.8977100722552531,0.8872509571261713,0.8913213846199446,0.8855368012782349
30.0,0.8893581959448079,0.8975788770529092,0.8874255873898176,0.8939877306638375,0.8848856480220294
35.0,0.8894836353198745,0.8953179259491063,0.8861395031936817,0.8918010812078536,0.8852427913757138
40.0,0.8904795536528584,0.8955186691051851,0.8862933723577414,0.8905769962918383,0.8843952164330509
45.0,0.8881167860119924,0.8951656080083151,0.8856707369763844,0.8909040472025939,0.8836590586935137
50.0,0.8888492881103437,0.8952417702181646,0.8864891672130328,0.8904656324054092,0.8855158038082265
55.0,0.8873836792607116,0.8954771397305666,0.8864262378687966,0.8917385267216331,0.884367183556158
65.0,0.8869295476038966,0.8962174580628626,0.8852997460762304,0.8907231402628943,0.8847665682010523
