r_component,mean_rmse
5.0,0.909915153230551
10.0,0.9474869694701058
20.0,1.00861198174504
50.0,1.0426349885474608
100.0,0.9907020440560889
