r_component,rmse_fold1,rmse_fold2,rmse_fold3,rmse_fold4,rmse_fold5
5.0,2.9874118137560988,2.980058015005269,2.9783020558391886,2.9855086273980787,2.9772457848333937
10.0,2.9684064750369523,2.9677799875069977,2.9554614391230856,2.960695652790141,2.960980210675629
50.0,3.16256577543127,3.1476965000313823,3.1549660348116575,3.1536907519999895,3.154931036536216
100.0,3.338197678800351,3.332611572906373,3.3298652641873803,3.326581979597183,3.33276886004629
