r_component,rmse_fold1,rmse_fold2,rmse_fold3,rmse_fold4,rmse_fold5
5.0,0.9080623765548185,0.9184869554332475,0.9188108177356856,0.9136966525420591,0.9167891147046502
10.0,0.9424415434789544,0.9530494050901395,0.9581993430691572,0.9616731733334449,0.9544035085435251
20.0,0.990483803162809,1.0001363520865107,1.0066656902716264,1.0094203481121349,0.9896266309588155
30.0,0.9957389257885024,1.0187414222397253,1.0160242374829813,1.0283457188316492,1.0154193506895854
40.0,1.0082591446163207,1.0212511128384605,1.0260225480238747,1.0279297445237683,1.0185336271829708
50.0,1.0034588369866762,1.0137706577899777,1.0147972983806737,1.0187353380037938,1.010788197716318
100.0,0.9415598405342528,0.9474986839760055,0.9526200713022636,0.9498311970142068,0.9440018160989395
200.0,0.8966392351357522,0.9026264272659478,0.9011419563570527,0.8994138684105031,0.8979087277113847
