lmb,r_component,mean_rmse
0.0,5.0,3.653434919530812
0.0,10.0,3.6533246494820233
0.0,20.0,3.652162974504418
0.0,50.0,3.6309626660677017
0.0,100.0,3.492356171714337
0.0,150.0,3.2314030490027803
