lmb,r_component,rmse_fold1,rmse_fold2,rmse_fold3,rmse_fold4,rmse_fold5
0.0,5.0,1.0912920470380043,1.131584273142607,1.0993840601208211,1.114686017201042,1.113951988251786
0.0,10.0,1.210020393589818,1.2054733772965927,1.2062238394306135,1.2025183900899343,1.206312112651494
0.0,50.0,1.9259806586505248,1.9387021365119836,1.9262380996753872,1.9318867060092983,1.9437753456118965
0.0,100.0,2.538997666129119,2.569780343151801,2.5364844097894186,2.564618357162635,2.563254223327717
0.0,150.0,2.7979956557492915,2.7733980060970578,2.804463340437416,2.8007898991367526,2.7759025855777457
0.0,200.0,2.849878577062817,2.851031049171181,2.8453141242944784,2.8473436733121122,2.8509886278775625
