lmb,r_component,mean_rmse
0.0,1.0,1.0477966870965028
0.0,2.0,1.0745899929935632
0.0,3.0,1.1100484446362215
0.0,4.0,1.1392140192236222
