r_component,rmse_fold1,rmse_fold2,rmse_fold3,rmse_fold4,rmse_fold5
5.0,0.9516175391897413,0.9546674260609875,0.9485970516194178,0.9599055444350345,0.9552733139388334
10.0,1.0252610942583413,1.0308741159575965,1.035499462198134,1.0304411170565408,1.0238200801533386
50.0,1.1557021003147778,1.1678714555967789,1.1685346798285523,1.156597405490547,1.1595444519197124
100.0,1.0532330446219071,1.063790729663068,1.0540389771348977,1.0521496529722922,1.0489731194436542
150.0,1.0374788548089227,1.0497551703078862,1.0363311479576893,1.0341937446833274,1.0329087740462781
200.0,1.0335882430259096,1.04668034430037,1.0325262599628002,1.033144382897247,1.0295610877068495
