r_component,rmse_fold1,rmse_fold2,rmse_fold3,rmse_fold4,rmse_fold5
5.0,1.0393113568104126,1.0424019734963976,1.0452166331838235,1.0375147001905654,1.0308305209256643
10.0,1.018619730616256,1.022536987696978,1.02290668052202,1.0161401401626864,1.0088302615545996
50.0,1.0147178930321614,1.0194773467782596,1.0188874330025668,1.011720377710985,1.0045513245944906
100.0,1.0238515172570664,1.0259017200819578,1.0298996124295083,1.0198481487173507,1.0138922472785903
150.0,1.030116248438866,1.0339479897365438,1.0358884631165892,1.0275196340719395,1.0202967966978258
200.0,1.035056421652159,1.0379686345450907,1.0417298455245856,1.0336242233313186,1.0257433619891554
