lmb,r_component,mean_rmse
0.0,5.0,1.1668793792004672
0.0,10.0,1.2685856980824175
0.0,50.0,1.7139580066682711
0.0,100.0,2.0552861793584314
0.0,150.0,2.295914110840775
0.0,200.0,2.414797029336147
