r_component,mean_rmse
5.0,0.954012175048803
10.0,1.0291791739247904
50.0,1.1616500186300738
100.0,1.054437104767164
150.0,1.0381335383608206
200.0,1.0351000635786352
