lmb,r_component,rmse_fold1,rmse_fold2,rmse_fold3,rmse_fold4,rmse_fold5
0.0,5.0,1.1518718018038925,1.152458183677914,1.1558683471056423,1.174613495658918,1.1610347906096312
0.0,50.0,1.7180521754684213,1.719790215544103,1.7126392897043627,1.7232682304733566,1.714640361943354
0.0,100.0,2.068794994366341,2.0827634300916604,2.078008351470627,2.0971294905096562,2.062072861543683
0.0,150.0,2.29167735391814,2.3017652294527835,2.2940454265555665,2.2878605824062332,2.30535396028237
0.0,200.0,2.431905982555308,2.4364308464431486,2.4217587526305913,2.4158367430639225,2.427646978708569
