r_component,mean_rmse
5.0,2.981705259366406
10.0,2.9626647530265613
50.0,3.1547700197621027
100.0,3.3320050711075155
